{"cameraMode":{"drawMode":0,"name":"Shaded","section":"Shading Mode"},"sceneLighting":false,"audioPlay":false,"sceneViewState":{"showFog":true,"showMaterialUpdate":false,"showSkybox":false,"showFlares":true,"showImageEffects":true,"showParticleSystems":true,"showVisualEffectGraphs":true,"m_FxEnabled":true},"in2DMode":false,"pivot":{"x":-0.5000020265579224,"y":0.5309447050094605,"z":0.45204997062683108},"rotation":{"x":-0.20416231453418733,"y":0.42228853702545168,"z":-0.09834214299917221,"w":-0.8776775002479553},"size":2.653822183609009,"orthographic":true}