{"cameraMode":{"drawMode":0,"name":"Shaded","section":"Shading Mode"},"sceneLighting":false,"audioPlay":false,"sceneViewState":{"showFog":true,"showMaterialUpdate":false,"showSkybox":false,"showFlares":true,"showImageEffects":true,"showParticleSystems":true},"in2DMode":false,"pivot":{"x":-6.210000038146973,"y":3.0,"z":0.03000009059906006},"rotation":{"x":0.43367287516593935,"y":0.00942194927483797,"z":-0.004123609978705645,"w":0.9012231230735779},"size":6.928203105926514,"orthographic":true}