{"cameraMode":{"drawMode":0,"name":"Shaded","section":"Shading Mode"},"sceneLighting":true,"audioPlay":false,"sceneViewState":{"showFog":true,"showMaterialUpdate":false,"showSkybox":true,"showFlares":true,"showImageEffects":true,"showParticleSystems":true},"in2DMode":false,"pivot":{"x":-3.0253477096557619,"y":1.556640386581421,"z":-2.4575157165527345},"rotation":{"x":0.21694523096084596,"y":-0.37112733721733096,"z":0.0898834839463234,"w":0.8986122608184815},"size":9.770651817321778,"orthographic":true}