{"cameraMode":{"drawMode":0,"name":"Shaded","section":"Shading Mode"},"sceneLighting":false,"audioPlay":false,"sceneViewState":{"showFog":true,"showMaterialUpdate":false,"showSkybox":false,"showFlares":true,"showImageEffects":true,"showParticleSystems":true,"showVisualEffectGraphs":true,"m_FxEnabled":true},"in2DMode":false,"pivot":{"x":1.4999995231628419,"y":0.5309447050094605,"z":0.4520254135131836},"rotation":{"x":-0.20416231453418733,"y":0.42228853702545168,"z":-0.09834214299917221,"w":-0.8776775002479553},"size":0.9321192502975464,"orthographic":true}